{
  "rendering": {
    "oldRotation": false,
    "vanillaRendering": false,
    "rotateSpeed": 1.0,
    "showPickupTooltip": true,
    "showPickupTooltipExtended": false,
    "showPickupTooltipKeybind": false,
    "disableThrowHUD": false,
    "vanillaRendered": {
      "entries": [],
      "isWhitelist": true
    },
    "tooltipOffsetX": 0,
    "tooltipOffsetY": 0,
    "blockRequireOffset": {
      "blocks": [
        "minecraft:snow",
        "minecraft:soul_sand"
      ],
      "tags": []
    },
    "blockBelowRequireOffset": {
      "blocks": [],
      "tags": []
    }
  }
}